<api>
<package name="com.fyber"
>
<class name="BuildConfig"
 extends="java.lang.Object"
 abstract="false"
 static="false"
 final="true"
 deprecated="not deprecated"
 visibility="public"
>
<constructor name="BuildConfig"
 type="com.fyber.BuildConfig"
 static="false"
 final="false"
 deprecated="not deprecated"
 visibility="public"
>
</constructor>
<field name="APPLICATION_ID"
 type="java.lang.String"
 transient="false"
 volatile="false"
 value="&quot;com.fyber&quot;"
 static="true"
 final="true"
 deprecated="not deprecated"
 visibility="public"
>
</field>
<field name="BUILD_TYPE"
 type="java.lang.String"
 transient="false"
 volatile="false"
 value="&quot;release&quot;"
 static="true"
 final="true"
 deprecated="not deprecated"
 visibility="public"
>
</field>
<field name="DEBUG"
 type="boolean"
 transient="false"
 volatile="false"
 value="false"
 static="true"
 final="true"
 deprecated="not deprecated"
 visibility="public"
>
</field>
<field name="FLAVOR"
 type="java.lang.String"
 transient="false"
 volatile="false"
 value="&quot;production&quot;"
 static="true"
 final="true"
 deprecated="not deprecated"
 visibility="public"
>
</field>
<field name="VERSION_CODE"
 type="int"
 transient="false"
 volatile="false"
 value="100"
 static="true"
 final="true"
 deprecated="not deprecated"
 visibility="public"
>
</field>
<field name="VERSION_NAME"
 type="java.lang.String"
 transient="false"
 volatile="false"
 value="&quot;8.5.3&quot;"
 static="true"
 final="true"
 deprecated="not deprecated"
 visibility="public"
>
</field>
</class>
<class name="Fyber"
 extends="java.lang.Object"
 abstract="false"
 static="false"
 final="false"
 deprecated="not deprecated"
 visibility="public"
>
<method name="start"
 return="com.fyber.Fyber.Settings"
 abstract="false"
 native="false"
 synchronized="false"
 static="false"
 final="false"
 deprecated="not deprecated"
 visibility="public"
>
</method>
<method name="with"
 return="com.fyber.Fyber"
 abstract="false"
 native="false"
 synchronized="false"
 static="true"
 final="false"
 deprecated="not deprecated"
 visibility="public"
>
<parameter name="appId" type="java.lang.String">
</parameter>
<parameter name="activity" type="android.app.Activity">
</parameter>
<exception name="IllegalArgumentException" type="java.lang.IllegalArgumentException">
</exception>
</method>
<method name="withManualPrecaching"
 return="com.fyber.Fyber"
 abstract="false"
 native="false"
 synchronized="false"
 static="false"
 final="false"
 deprecated="not deprecated"
 visibility="public"
>
</method>
<method name="withParameters"
 return="com.fyber.Fyber"
 abstract="false"
 native="false"
 synchronized="false"
 static="false"
 final="false"
 deprecated="not deprecated"
 visibility="public"
>
<parameter name="parameters" type="java.util.Map&lt;java.lang.String, java.lang.String&gt;">
</parameter>
</method>
<method name="withSecurityToken"
 return="com.fyber.Fyber"
 abstract="false"
 native="false"
 synchronized="false"
 static="false"
 final="false"
 deprecated="not deprecated"
 visibility="public"
>
<parameter name="securityToken" type="java.lang.String">
</parameter>
</method>
<method name="withUserId"
 return="com.fyber.Fyber"
 abstract="false"
 native="false"
 synchronized="false"
 static="false"
 final="false"
 deprecated="not deprecated"
 visibility="public"
>
<parameter name="userId" type="java.lang.String">
</parameter>
</method>
<field name="RELEASE_VERSION_STRING"
 type="java.lang.String"
 transient="false"
 volatile="false"
 static="true"
 final="true"
 deprecated="not deprecated"
 visibility="public"
>
</field>
</class>
<class name="Fyber.Settings"
 extends="java.lang.Object"
 abstract="false"
 static="true"
 final="false"
 deprecated="not deprecated"
 visibility="public"
>
<method name="addParameter"
 return="com.fyber.Fyber.Settings"
 abstract="false"
 native="false"
 synchronized="false"
 static="false"
 final="false"
 deprecated="not deprecated"
 visibility="public"
>
<parameter name="key" type="java.lang.String">
</parameter>
<parameter name="value" type="java.lang.String">
</parameter>
</method>
<method name="addParameters"
 return="com.fyber.Fyber.Settings"
 abstract="false"
 native="false"
 synchronized="false"
 static="false"
 final="false"
 deprecated="not deprecated"
 visibility="public"
>
<parameter name="parameters" type="java.util.Map&lt;java.lang.String, java.lang.String&gt;">
</parameter>
</method>
<method name="clearParameters"
 return="com.fyber.Fyber.Settings"
 abstract="false"
 native="false"
 synchronized="false"
 static="false"
 final="false"
 deprecated="not deprecated"
 visibility="public"
>
</method>
<method name="closeOfferWallOnRedirect"
 return="com.fyber.Fyber.Settings"
 abstract="false"
 native="false"
 synchronized="false"
 static="false"
 final="false"
 deprecated="not deprecated"
 visibility="public"
>
<parameter name="shouldCloseOfferWallOnRedirect" type="boolean">
</parameter>
</method>
<method name="getUIString"
 return="java.lang.String"
 abstract="false"
 native="false"
 synchronized="false"
 static="false"
 final="false"
 deprecated="not deprecated"
 visibility="public"
>
<parameter name="identifier" type="com.fyber.Fyber.Settings.UIStringIdentifier">
</parameter>
</method>
<method name="getUserId"
 return="java.lang.String"
 abstract="false"
 native="false"
 synchronized="false"
 static="false"
 final="false"
 deprecated="not deprecated"
 visibility="public"
>
</method>
<method name="notifyUserOnCompletion"
 return="com.fyber.Fyber.Settings"
 abstract="false"
 native="false"
 synchronized="false"
 static="false"
 final="false"
 deprecated="not deprecated"
 visibility="public"
>
<parameter name="shouldShowNotificationOnCompletion" type="boolean">
</parameter>
</method>
<method name="notifyUserOnReward"
 return="com.fyber.Fyber.Settings"
 abstract="false"
 native="false"
 synchronized="false"
 static="false"
 final="false"
 deprecated="not deprecated"
 visibility="public"
>
<parameter name="notifyUserOnReward" type="boolean">
</parameter>
</method>
<method name="removeParameter"
 return="com.fyber.Fyber.Settings"
 abstract="false"
 native="false"
 synchronized="false"
 static="false"
 final="false"
 deprecated="not deprecated"
 visibility="public"
>
<parameter name="key" type="java.lang.String">
</parameter>
</method>
<method name="setCustomUIString"
 return="com.fyber.Fyber.Settings"
 abstract="false"
 native="false"
 synchronized="false"
 static="false"
 final="false"
 deprecated="not deprecated"
 visibility="public"
>
<parameter name="identifier" type="com.fyber.Fyber.Settings.UIStringIdentifier">
</parameter>
<parameter name="message" type="java.lang.String">
</parameter>
</method>
<method name="setCustomUIString"
 return="com.fyber.Fyber.Settings"
 abstract="false"
 native="false"
 synchronized="false"
 static="false"
 final="false"
 deprecated="not deprecated"
 visibility="public"
>
<parameter name="identifier" type="com.fyber.Fyber.Settings.UIStringIdentifier">
</parameter>
<parameter name="message" type="int">
</parameter>
<parameter name="context" type="android.content.Context">
</parameter>
</method>
<method name="setCustomUIStrings"
 return="com.fyber.Fyber.Settings"
 abstract="false"
 native="false"
 synchronized="false"
 static="false"
 final="false"
 deprecated="not deprecated"
 visibility="public"
>
<parameter name="messages" type="java.util.EnumMap&lt;com.fyber.Fyber.Settings.UIStringIdentifier, java.lang.String&gt;">
</parameter>
</method>
<method name="setCustomUIStrings"
 return="com.fyber.Fyber.Settings"
 abstract="false"
 native="false"
 synchronized="false"
 static="false"
 final="false"
 deprecated="not deprecated"
 visibility="public"
>
<parameter name="messages" type="java.util.EnumMap&lt;com.fyber.Fyber.Settings.UIStringIdentifier, java.lang.Integer&gt;">
</parameter>
<parameter name="context" type="android.content.Context">
</parameter>
</method>
<method name="updateUserId"
 return="void"
 abstract="false"
 native="false"
 synchronized="false"
 static="false"
 final="false"
 deprecated="not deprecated"
 visibility="public"
>
<parameter name="userId" type="java.lang.String">
</parameter>
<exception name="IllegalArgumentException" type="java.lang.IllegalArgumentException">
</exception>
<exception name="IllegalStateException" type="java.lang.IllegalStateException">
</exception>
</method>
</class>
<class name="Fyber.Settings.UIStringIdentifier"
 extends="java.lang.Enum"
 abstract="false"
 static="true"
 final="true"
 deprecated="not deprecated"
 visibility="public"
>
<method name="valueOf"
 return="com.fyber.Fyber.Settings.UIStringIdentifier"
 abstract="false"
 native="false"
 synchronized="false"
 static="true"
 final="false"
 deprecated="not deprecated"
 visibility="public"
>
<parameter name="name" type="java.lang.String">
</parameter>
</method>
<method name="values"
 return="com.fyber.Fyber.Settings.UIStringIdentifier[]"
 abstract="false"
 native="false"
 synchronized="false"
 static="true"
 final="true"
 deprecated="not deprecated"
 visibility="public"
>
</method>
</class>
</package>
<package name="com.fyber.ads"
>
<class name="Ad"
 extends="java.lang.Object"
 abstract="true"
 static="false"
 final="false"
 deprecated="not deprecated"
 visibility="public"
>
<constructor name="Ad"
 type="com.fyber.ads.Ad"
 static="false"
 final="false"
 deprecated="not deprecated"
 visibility="public"
>
</constructor>
<method name="canStart"
 return="boolean"
 abstract="false"
 native="false"
 synchronized="false"
 static="false"
 final="false"
 deprecated="not deprecated"
 visibility="public"
>
</method>
<method name="getAdFormat"
 return="com.fyber.ads.AdFormat"
 abstract="true"
 native="false"
 synchronized="false"
 static="false"
 final="false"
 deprecated="not deprecated"
 visibility="public"
>
</method>
<method name="getPlacementId"
 return="java.lang.String"
 abstract="false"
 native="false"
 synchronized="false"
 static="false"
 final="false"
 deprecated="not deprecated"
 visibility="public"
>
</method>
<method name="start"
 return="void"
 abstract="true"
 native="false"
 synchronized="false"
 static="false"
 final="false"
 deprecated="not deprecated"
 visibility="public"
>
<parameter name="activity" type="android.app.Activity">
</parameter>
</method>
</class>
<class name="AdFormat"
 extends="java.lang.Enum"
 abstract="false"
 static="false"
 final="true"
 deprecated="not deprecated"
 visibility="public"
>
<method name="fromIntent"
 return="com.fyber.ads.AdFormat"
 abstract="false"
 native="false"
 synchronized="false"
 static="true"
 final="false"
 deprecated="not deprecated"
 visibility="public"
>
<parameter name="intent" type="android.content.Intent">
</parameter>
</method>
<method name="valueOf"
 return="com.fyber.ads.AdFormat"
 abstract="false"
 native="false"
 synchronized="false"
 static="true"
 final="false"
 deprecated="not deprecated"
 visibility="public"
>
<parameter name="name" type="java.lang.String">
</parameter>
</method>
<method name="values"
 return="com.fyber.ads.AdFormat[]"
 abstract="false"
 native="false"
 synchronized="false"
 static="true"
 final="true"
 deprecated="not deprecated"
 visibility="public"
>
</method>
</class>
</package>
<package name="com.fyber.ads.banners"
>
<class name="BannerAd"
 extends="com.fyber.ads.Ad"
 abstract="false"
 static="false"
 final="false"
 deprecated="not deprecated"
 visibility="public"
>
<method name="destroy"
 return="void"
 abstract="false"
 native="false"
 synchronized="false"
 static="false"
 final="false"
 deprecated="not deprecated"
 visibility="public"
>
</method>
<method name="displayAtBottom"
 return="com.fyber.ads.banners.BannerAd"
 abstract="false"
 native="false"
 synchronized="false"
 static="false"
 final="false"
 deprecated="not deprecated"
 visibility="public"
>
</method>
<method name="displayAtTop"
 return="com.fyber.ads.banners.BannerAd"
 abstract="false"
 native="false"
 synchronized="false"
 static="false"
 final="false"
 deprecated="not deprecated"
 visibility="public"
>
</method>
<method name="displayInView"
 return="com.fyber.ads.banners.BannerAd"
 abstract="false"
 native="false"
 synchronized="false"
 static="false"
 final="false"
 deprecated="not deprecated"
 visibility="public"
>
<parameter name="viewGroup" type="android.view.ViewGroup">
</parameter>
</method>
<method name="getAdFormat"
 return="com.fyber.ads.AdFormat"
 abstract="false"
 native="false"
 synchronized="false"
 static="false"
 final="false"
 deprecated="not deprecated"
 visibility="public"
>
</method>
<method name="hide"
 return="void"
 abstract="false"
 native="false"
 synchronized="false"
 static="false"
 final="false"
 deprecated="not deprecated"
 visibility="public"
>
</method>
<method name="onBannerClick"
 return="void"
 abstract="false"
 native="false"
 synchronized="false"
 static="false"
 final="false"
 deprecated="not deprecated"
 visibility="public"
>
<parameter name="bannerView" type="android.view.View">
</parameter>
</method>
<method name="onBannerError"
 return="void"
 abstract="false"
 native="false"
 synchronized="false"
 static="false"
 final="false"
 deprecated="not deprecated"
 visibility="public"
>
<parameter name="bannerView" type="android.view.View">
</parameter>
<parameter name="error" type="java.lang.String">
</parameter>
</method>
<method name="onBannerLeftApplication"
 return="void"
 abstract="false"
 native="false"
 synchronized="false"
 static="false"
 final="false"
 deprecated="not deprecated"
 visibility="public"
>
<parameter name="bannerView" type="android.view.View">
</parameter>
</method>
<method name="onBannerLoaded"
 return="void"
 abstract="false"
 native="false"
 synchronized="false"
 static="false"
 final="false"
 deprecated="not deprecated"
 visibility="public"
>
<parameter name="bannerView" type="android.view.View">
</parameter>
</method>
<method name="show"
 return="void"
 abstract="false"
 native="false"
 synchronized="false"
 static="false"
 final="false"
 deprecated="not deprecated"
 visibility="public"
>
</method>
<method name="start"
 return="void"
 abstract="false"
 native="false"
 synchronized="false"
 static="false"
 final="false"
 deprecated="not deprecated"
 visibility="public"
>
<parameter name="activity" type="android.app.Activity">
</parameter>
</method>
<method name="withListener"
 return="com.fyber.ads.banners.BannerAd"
 abstract="false"
 native="false"
 synchronized="false"
 static="false"
 final="false"
 deprecated="not deprecated"
 visibility="public"
>
<parameter name="bannerAdListener" type="com.fyber.ads.banners.BannerAdListener">
</parameter>
</method>
<method name="withPosition"
 return="com.fyber.ads.banners.BannerAd"
 abstract="false"
 native="false"
 synchronized="false"
 static="false"
 final="false"
 deprecated="not deprecated"
 visibility="public"
>
<parameter name="position" type="int">
</parameter>
</method>
<field name="POSITION_BOTTOM"
 type="int"
 transient="false"
 volatile="false"
 value="80"
 static="true"
 final="true"
 deprecated="not deprecated"
 visibility="public"
>
</field>
<field name="POSITION_TOP"
 type="int"
 transient="false"
 volatile="false"
 value="48"
 static="true"
 final="true"
 deprecated="not deprecated"
 visibility="public"
>
</field>
</class>
<interface name="BannerAdListener"
 abstract="true"
 static="false"
 final="false"
 deprecated="not deprecated"
 visibility="public"
>
<method name="onAdClicked"
 return="void"
 abstract="true"
 native="false"
 synchronized="false"
 static="false"
 final="false"
 deprecated="not deprecated"
 visibility="public"
>
<parameter name="ad" type="com.fyber.ads.banners.BannerAd">
</parameter>
</method>
<method name="onAdError"
 return="void"
 abstract="true"
 native="false"
 synchronized="false"
 static="false"
 final="false"
 deprecated="not deprecated"
 visibility="public"
>
<parameter name="ad" type="com.fyber.ads.banners.BannerAd">
</parameter>
<parameter name="error" type="java.lang.String">
</parameter>
</method>
<method name="onAdLeftApplication"
 return="void"
 abstract="true"
 native="false"
 synchronized="false"
 static="false"
 final="false"
 deprecated="not deprecated"
 visibility="public"
>
<parameter name="ad" type="com.fyber.ads.banners.BannerAd">
</parameter>
</method>
<method name="onAdLoaded"
 return="void"
 abstract="true"
 native="false"
 synchronized="false"
 static="false"
 final="false"
 deprecated="not deprecated"
 visibility="public"
>
<parameter name="ad" type="com.fyber.ads.banners.BannerAd">
</parameter>
</method>
</interface>
<class name="BannerAdView"
 extends="android.widget.FrameLayout"
 abstract="false"
 static="false"
 final="false"
 deprecated="not deprecated"
 visibility="public"
>
<implements name="com.fyber.requesters.AdRequestCallback">
</implements>
<implements name="com.fyber.ads.banners.BannerAdListener">
</implements>
<constructor name="BannerAdView"
 type="com.fyber.ads.banners.BannerAdView"
 static="false"
 final="false"
 deprecated="not deprecated"
 visibility="public"
>
<parameter name="activity" type="android.app.Activity">
</parameter>
</constructor>
<constructor name="BannerAdView"
 type="com.fyber.ads.banners.BannerAdView"
 static="false"
 final="false"
 deprecated="not deprecated"
 visibility="public"
>
<parameter name="activity" type="android.app.Activity">
</parameter>
<parameter name="attrs" type="android.util.AttributeSet">
</parameter>
</constructor>
<constructor name="BannerAdView"
 type="com.fyber.ads.banners.BannerAdView"
 static="false"
 final="false"
 deprecated="not deprecated"
 visibility="public"
>
<parameter name="activity" type="android.app.Activity">
</parameter>
<parameter name="attrs" type="android.util.AttributeSet">
</parameter>
<parameter name="defStyle" type="int">
</parameter>
</constructor>
<method name="destroy"
 return="void"
 abstract="false"
 native="false"
 synchronized="false"
 static="false"
 final="false"
 deprecated="not deprecated"
 visibility="public"
>
</method>
<method name="load"
 return="void"
 abstract="false"
 native="false"
 synchronized="false"
 static="false"
 final="false"
 deprecated="not deprecated"
 visibility="public"
>
</method>
<method name="loadOnAttach"
 return="com.fyber.ads.banners.BannerAdView"
 abstract="false"
 native="false"
 synchronized="false"
 static="false"
 final="false"
 deprecated="not deprecated"
 visibility="public"
>
</method>
<method name="onAdAvailable"
 return="void"
 abstract="false"
 native="false"
 synchronized="false"
 static="false"
 final="false"
 deprecated="not deprecated"
 visibility="public"
>
<parameter name="ad" type="com.fyber.ads.Ad">
</parameter>
</method>
<method name="onAdClicked"
 return="void"
 abstract="false"
 native="false"
 synchronized="false"
 static="false"
 final="false"
 deprecated="not deprecated"
 visibility="public"
>
<parameter name="ad" type="com.fyber.ads.banners.BannerAd">
</parameter>
</method>
<method name="onAdError"
 return="void"
 abstract="false"
 native="false"
 synchronized="false"
 static="false"
 final="false"
 deprecated="not deprecated"
 visibility="public"
>
<parameter name="ad" type="com.fyber.ads.banners.BannerAd">
</parameter>
<parameter name="error" type="java.lang.String">
</parameter>
</method>
<method name="onAdLeftApplication"
 return="void"
 abstract="false"
 native="false"
 synchronized="false"
 static="false"
 final="false"
 deprecated="not deprecated"
 visibility="public"
>
<parameter name="ad" type="com.fyber.ads.banners.BannerAd">
</parameter>
</method>
<method name="onAdLoaded"
 return="void"
 abstract="false"
 native="false"
 synchronized="false"
 static="false"
 final="false"
 deprecated="not deprecated"
 visibility="public"
>
<parameter name="ad" type="com.fyber.ads.banners.BannerAd">
</parameter>
</method>
<method name="onAdNotAvailable"
 return="void"
 abstract="false"
 native="false"
 synchronized="false"
 static="false"
 final="false"
 deprecated="not deprecated"
 visibility="public"
>
<parameter name="adFormat" type="com.fyber.ads.AdFormat">
</parameter>
</method>
<method name="onRequestError"
 return="void"
 abstract="false"
 native="false"
 synchronized="false"
 static="false"
 final="false"
 deprecated="not deprecated"
 visibility="public"
>
<parameter name="error" type="com.fyber.requesters.RequestError">
</parameter>
</method>
<method name="withListener"
 return="com.fyber.ads.banners.BannerAdView"
 abstract="false"
 native="false"
 synchronized="false"
 static="false"
 final="false"
 deprecated="not deprecated"
 visibility="public"
>
<parameter name="listener" type="com.fyber.ads.banners.BannerAdListener">
</parameter>
</method>
<method name="withNetworkSize"
 return="com.fyber.ads.banners.BannerAdView"
 abstract="false"
 native="false"
 synchronized="false"
 static="false"
 final="false"
 deprecated="not deprecated"
 visibility="public"
>
<parameter name="networkBannerSize" type="com.fyber.ads.banners.NetworkBannerSize">
</parameter>
</method>
<method name="withPlacementId"
 return="com.fyber.ads.banners.BannerAdView"
 abstract="false"
 native="false"
 synchronized="false"
 static="false"
 final="false"
 deprecated="not deprecated"
 visibility="public"
>
<parameter name="placementId" type="java.lang.String">
</parameter>
</method>
</class>
<class name="BannerSize"
 extends="java.lang.Object"
 abstract="false"
 static="false"
 final="false"
 deprecated="not deprecated"
 visibility="public"
>
<method name="getHeight"
 return="int"
 abstract="false"
 native="false"
 synchronized="false"
 static="false"
 final="false"
 deprecated="not deprecated"
 visibility="public"
>
</method>
<method name="getWidth"
 return="int"
 abstract="false"
 native="false"
 synchronized="false"
 static="false"
 final="false"
 deprecated="not deprecated"
 visibility="public"
>
</method>
<field name="AUTO_SIZE"
 type="int"
 transient="false"
 volatile="false"
 value="-2"
 static="true"
 final="true"
 deprecated="not deprecated"
 visibility="public"
>
</field>
<field name="FIXED_HEIGHT_50"
 type="com.fyber.ads.banners.BannerSize"
 transient="false"
 volatile="false"
 static="true"
 final="true"
 deprecated="not deprecated"
 visibility="public"
>
</field>
<field name="FIXED_HEIGHT_90"
 type="com.fyber.ads.banners.BannerSize"
 transient="false"
 volatile="false"
 static="true"
 final="true"
 deprecated="not deprecated"
 visibility="public"
>
</field>
<field name="FIXED_SIZE_320_50"
 type="com.fyber.ads.banners.BannerSize"
 transient="false"
 volatile="false"
 static="true"
 final="true"
 deprecated="not deprecated"
 visibility="public"
>
</field>
<field name="FLUID_SIZE"
 type="com.fyber.ads.banners.BannerSize"
 transient="false"
 volatile="false"
 static="true"
 final="true"
 deprecated="not deprecated"
 visibility="public"
>
</field>
<field name="FULL_SIZE"
 type="int"
 transient="false"
 volatile="false"
 value="-1"
 static="true"
 final="true"
 deprecated="not deprecated"
 visibility="public"
>
</field>
<field name="SMART_SIZE"
 type="com.fyber.ads.banners.BannerSize"
 transient="false"
 volatile="false"
 static="true"
 final="true"
 deprecated="not deprecated"
 visibility="public"
>
</field>
</class>
<class name="BannerSize.Builder"
 extends="java.lang.Object"
 abstract="false"
 static="true"
 final="false"
 deprecated="not deprecated"
 visibility="public"
>
<method name="build"
 return="com.fyber.ads.banners.BannerSize"
 abstract="false"
 native="false"
 synchronized="false"
 static="false"
 final="false"
 deprecated="not deprecated"
 visibility="public"
>
</method>
<method name="newBuilder"
 return="com.fyber.ads.banners.BannerSize.Builder"
 abstract="false"
 native="false"
 synchronized="false"
 static="true"
 final="false"
 deprecated="not deprecated"
 visibility="public"
>
</method>
<method name="withHeight"
 return="com.fyber.ads.banners.BannerSize.Builder"
 abstract="false"
 native="false"
 synchronized="false"
 static="false"
 final="false"
 deprecated="not deprecated"
 visibility="public"
>
<parameter name="height" type="int">
</parameter>
</method>
<method name="withWidth"
 return="com.fyber.ads.banners.BannerSize.Builder"
 abstract="false"
 native="false"
 synchronized="false"
 static="false"
 final="false"
 deprecated="not deprecated"
 visibility="public"
>
<parameter name="width" type="int">
</parameter>
</method>
</class>
<class name="NetworkBannerSize"
 extends="java.lang.Object"
 abstract="false"
 static="false"
 final="false"
 deprecated="not deprecated"
 visibility="public"
>
<constructor name="NetworkBannerSize"
 type="com.fyber.ads.banners.NetworkBannerSize"
 static="false"
 final="false"
 deprecated="not deprecated"
 visibility="public"
>
<parameter name="network" type="java.lang.String">
</parameter>
<parameter name="size" type="com.fyber.ads.banners.BannerSize">
</parameter>
</constructor>
<method name="getNetwork"
 return="java.lang.String"
 abstract="false"
 native="false"
 synchronized="false"
 static="false"
 final="false"
 deprecated="not deprecated"
 visibility="public"
>
</method>
<method name="getSize"
 return="com.fyber.ads.banners.BannerSize"
 abstract="false"
 native="false"
 synchronized="false"
 static="false"
 final="false"
 deprecated="not deprecated"
 visibility="public"
>
</method>
</class>
</package>
<package name="com.fyber.ads.interstitials"
>
<class name="InterstitialActivity"
 extends="android.app.Activity"
 abstract="false"
 static="false"
 final="false"
 deprecated="not deprecated"
 visibility="public"
>
<implements name="com.fyber.ads.interstitials.InterstitialAdListener">
</implements>
<constructor name="InterstitialActivity"
 type="com.fyber.ads.interstitials.InterstitialActivity"
 static="false"
 final="false"
 deprecated="not deprecated"
 visibility="public"
>
</constructor>
<field name="AD_STATUS"
 type="java.lang.String"
 transient="false"
 volatile="false"
 value="&quot;AD_STATUS&quot;"
 static="true"
 final="true"
 deprecated="not deprecated"
 visibility="public"
>
</field>
<field name="ERROR_MESSAGE"
 type="java.lang.String"
 transient="false"
 volatile="false"
 value="&quot;ERROR_MESSAGE&quot;"
 static="true"
 final="true"
 deprecated="not deprecated"
 visibility="public"
>
</field>
</class>
<class name="InterstitialAd"
 extends="com.fyber.ads.Ad"
 abstract="false"
 static="false"
 final="false"
 deprecated="not deprecated"
 visibility="public"
>
<method name="getAdFormat"
 return="com.fyber.ads.AdFormat"
 abstract="false"
 native="false"
 synchronized="false"
 static="false"
 final="false"
 deprecated="not deprecated"
 visibility="public"
>
</method>
<method name="start"
 return="void"
 abstract="false"
 native="false"
 synchronized="false"
 static="false"
 final="false"
 deprecated="not deprecated"
 visibility="public"
>
<parameter name="activity" type="android.app.Activity">
</parameter>
</method>
<method name="withListener"
 return="com.fyber.ads.interstitials.InterstitialAd"
 abstract="false"
 native="false"
 synchronized="false"
 static="false"
 final="false"
 deprecated="not deprecated"
 visibility="public"
>
<parameter name="interstitialAdListener" type="com.fyber.ads.interstitials.InterstitialAdListener">
</parameter>
</method>
</class>
<class name="InterstitialAdCloseReason"
 extends="java.lang.Enum"
 abstract="false"
 static="false"
 final="true"
 deprecated="not deprecated"
 visibility="public"
>
<method name="valueOf"
 return="com.fyber.ads.interstitials.InterstitialAdCloseReason"
 abstract="false"
 native="false"
 synchronized="false"
 static="true"
 final="false"
 deprecated="not deprecated"
 visibility="public"
>
<parameter name="name" type="java.lang.String">
</parameter>
</method>
<method name="values"
 return="com.fyber.ads.interstitials.InterstitialAdCloseReason[]"
 abstract="false"
 native="false"
 synchronized="false"
 static="true"
 final="true"
 deprecated="not deprecated"
 visibility="public"
>
</method>
</class>
<interface name="InterstitialAdListener"
 abstract="true"
 static="false"
 final="false"
 deprecated="not deprecated"
 visibility="public"
>
<method name="onAdClicked"
 return="void"
 abstract="true"
 native="false"
 synchronized="false"
 static="false"
 final="false"
 deprecated="not deprecated"
 visibility="public"
>
<parameter name="ad" type="com.fyber.ads.interstitials.InterstitialAd">
</parameter>
</method>
<method name="onAdClosed"
 return="void"
 abstract="true"
 native="false"
 synchronized="false"
 static="false"
 final="false"
 deprecated="not deprecated"
 visibility="public"
>
<parameter name="ad" type="com.fyber.ads.interstitials.InterstitialAd">
</parameter>
<parameter name="reason" type="com.fyber.ads.interstitials.InterstitialAdCloseReason">
</parameter>
</method>
<method name="onAdError"
 return="void"
 abstract="true"
 native="false"
 synchronized="false"
 static="false"
 final="false"
 deprecated="not deprecated"
 visibility="public"
>
<parameter name="ad" type="com.fyber.ads.interstitials.InterstitialAd">
</parameter>
<parameter name="error" type="java.lang.String">
</parameter>
</method>
<method name="onAdShown"
 return="void"
 abstract="true"
 native="false"
 synchronized="false"
 static="false"
 final="false"
 deprecated="not deprecated"
 visibility="public"
>
<parameter name="ad" type="com.fyber.ads.interstitials.InterstitialAd">
</parameter>
</method>
</interface>
</package>
<package name="com.fyber.ads.ofw"
>
<class name="OfferWallActivity"
 extends="android.app.Activity"
 abstract="false"
 static="false"
 final="false"
 deprecated="not deprecated"
 visibility="public"
>
<constructor name="OfferWallActivity"
 type="com.fyber.ads.ofw.OfferWallActivity"
 static="false"
 final="false"
 deprecated="not deprecated"
 visibility="public"
>
</constructor>
<method name="shouldCloseOnRedirectDefault"
 return="boolean"
 abstract="false"
 native="false"
 synchronized="false"
 static="false"
 final="false"
 deprecated="not deprecated"
 visibility="public"
>
</method>
</class>
</package>
<package name="com.fyber.ads.videos"
>
<class name="RewardedVideoActivity"
 extends="android.app.Activity"
 abstract="false"
 static="false"
 final="false"
 deprecated="not deprecated"
 visibility="public"
>
<constructor name="RewardedVideoActivity"
 type="com.fyber.ads.videos.RewardedVideoActivity"
 static="false"
 final="false"
 deprecated="not deprecated"
 visibility="public"
>
</constructor>
<field name="ENGAGEMENT_STATUS"
 type="java.lang.String"
 transient="false"
 volatile="false"
 value="&quot;ENGAGEMENT_STATUS&quot;"
 static="true"
 final="true"
 deprecated="not deprecated"
 visibility="public"
>
</field>
<field name="REQUEST_STATUS_PARAMETER_ABORTED_VALUE"
 type="java.lang.String"
 transient="false"
 volatile="false"
 value="&quot;CLOSE_ABORTED&quot;"
 static="true"
 final="true"
 deprecated="not deprecated"
 visibility="public"
>
</field>
<field name="REQUEST_STATUS_PARAMETER_ERROR"
 type="java.lang.String"
 transient="false"
 volatile="false"
 value="&quot;ERROR&quot;"
 static="true"
 final="true"
 deprecated="not deprecated"
 visibility="public"
>
</field>
<field name="REQUEST_STATUS_PARAMETER_FINISHED_VALUE"
 type="java.lang.String"
 transient="false"
 volatile="false"
 value="&quot;CLOSE_FINISHED&quot;"
 static="true"
 final="true"
 deprecated="not deprecated"
 visibility="public"
>
</field>
</class>
</package>
<package name="com.fyber.cache"
>
<class name="CacheManager"
 extends="java.lang.Object"
 abstract="false"
 static="false"
 final="false"
 deprecated="not deprecated"
 visibility="public"
>
<method name="generateActionString"
 return="java.lang.String"
 abstract="false"
 native="false"
 synchronized="false"
 static="true"
 final="false"
 deprecated="not deprecated"
 visibility="public"
>
<parameter name="context" type="android.content.Context">
</parameter>
</method>
<method name="getVideoCacheIntentFilter"
 return="android.content.IntentFilter"
 abstract="false"
 native="false"
 synchronized="false"
 static="true"
 final="false"
 deprecated="not deprecated"
 visibility="public"
>
<parameter name="context" type="android.content.Context">
</parameter>
</method>
<method name="hasCachedVideos"
 return="boolean"
 abstract="false"
 native="false"
 synchronized="false"
 static="true"
 final="false"
 deprecated="not deprecated"
 visibility="public"
>
</method>
<method name="pauseDownloads"
 return="void"
 abstract="false"
 native="false"
 synchronized="false"
 static="true"
 final="false"
 deprecated="not deprecated"
 visibility="public"
>
<parameter name="context" type="android.content.Context">
</parameter>
</method>
<method name="registerOnVideoCachedListener"
 return="void"
 abstract="false"
 native="false"
 synchronized="false"
 static="true"
 final="false"
 deprecated="not deprecated"
 visibility="public"
>
<parameter name="onVideoCachedListener" type="com.fyber.cache.OnVideoCachedListener">
</parameter>
<parameter name="context" type="android.content.Context">
</parameter>
</method>
<method name="resumeDownloads"
 return="void"
 abstract="false"
 native="false"
 synchronized="false"
 static="true"
 final="false"
 deprecated="not deprecated"
 visibility="public"
>
<parameter name="context" type="android.content.Context">
</parameter>
</method>
<method name="startPrecaching"
 return="void"
 abstract="false"
 native="false"
 synchronized="false"
 static="true"
 final="false"
 deprecated="not deprecated"
 visibility="public"
>
<parameter name="context" type="android.content.Context">
</parameter>
</method>
<method name="unregisterOnVideoCachedListener"
 return="void"
 abstract="false"
 native="false"
 synchronized="false"
 static="true"
 final="false"
 deprecated="not deprecated"
 visibility="public"
>
<parameter name="onVideoCachedListener" type="com.fyber.cache.OnVideoCachedListener">
</parameter>
<parameter name="context" type="android.content.Context">
</parameter>
</method>
</class>
<class name="CacheVideoDownloadService"
 extends="android.app.Service"
 abstract="false"
 static="false"
 final="false"
 deprecated="not deprecated"
 visibility="public"
>
<constructor name="CacheVideoDownloadService"
 type="com.fyber.cache.CacheVideoDownloadService"
 static="false"
 final="false"
 deprecated="not deprecated"
 visibility="public"
>
</constructor>
</class>
<class name="OnVideoCachedListener"
 extends="android.content.BroadcastReceiver"
 abstract="true"
 static="false"
 final="false"
 deprecated="not deprecated"
 visibility="public"
>
<constructor name="OnVideoCachedListener"
 type="com.fyber.cache.OnVideoCachedListener"
 static="false"
 final="false"
 deprecated="not deprecated"
 visibility="public"
>
</constructor>
<method name="onReceive"
 return="void"
 abstract="false"
 native="false"
 synchronized="false"
 static="false"
 final="true"
 deprecated="not deprecated"
 visibility="public"
>
<parameter name="context" type="android.content.Context">
</parameter>
<parameter name="intent" type="android.content.Intent">
</parameter>
</method>
<method name="onVideoCached"
 return="void"
 abstract="true"
 native="false"
 synchronized="false"
 static="false"
 final="false"
 deprecated="not deprecated"
 visibility="public"
>
<parameter name="videosAvailable" type="boolean">
</parameter>
</method>
<field name="ACTION_DOWNLOAD_FINISHED"
 type="java.lang.String"
 transient="false"
 volatile="false"
 value="&quot;FyberDownloadsFinished&quot;"
 static="true"
 final="true"
 deprecated="not deprecated"
 visibility="public"
>
</field>
<field name="EXTRA_VIDEOS_AVAILABLE"
 type="java.lang.String"
 transient="false"
 volatile="false"
 value="&quot;FyberVideosAvailable&quot;"
 static="true"
 final="true"
 deprecated="not deprecated"
 visibility="public"
>
</field>
</class>
</package>
<package name="com.fyber.currency"
>
<class name="VirtualCurrencyErrorResponse"
 extends="java.lang.Object"
 abstract="false"
 static="false"
 final="false"
 deprecated="not deprecated"
 visibility="public"
>
<method name="getError"
 return="com.fyber.currency.VirtualCurrencyErrorResponse.ErrorType"
 abstract="false"
 native="false"
 synchronized="false"
 static="false"
 final="false"
 deprecated="not deprecated"
 visibility="public"
>
</method>
<method name="getErrorCode"
 return="java.lang.String"
 abstract="false"
 native="false"
 synchronized="false"
 static="false"
 final="false"
 deprecated="not deprecated"
 visibility="public"
>
</method>
<method name="getErrorMessage"
 return="java.lang.String"
 abstract="false"
 native="false"
 synchronized="false"
 static="false"
 final="false"
 deprecated="not deprecated"
 visibility="public"
>
</method>
</class>
<class name="VirtualCurrencyErrorResponse.ErrorType"
 extends="java.lang.Enum"
 abstract="false"
 static="true"
 final="true"
 deprecated="not deprecated"
 visibility="public"
>
<method name="valueOf"
 return="com.fyber.currency.VirtualCurrencyErrorResponse.ErrorType"
 abstract="false"
 native="false"
 synchronized="false"
 static="true"
 final="false"
 deprecated="not deprecated"
 visibility="public"
>
<parameter name="name" type="java.lang.String">
</parameter>
</method>
<method name="values"
 return="com.fyber.currency.VirtualCurrencyErrorResponse.ErrorType[]"
 abstract="false"
 native="false"
 synchronized="false"
 static="true"
 final="true"
 deprecated="not deprecated"
 visibility="public"
>
</method>
</class>
<class name="VirtualCurrencyResponse"
 extends="java.lang.Object"
 abstract="false"
 static="false"
 final="false"
 deprecated="not deprecated"
 visibility="public"
>
<method name="getCurrencyId"
 return="java.lang.String"
 abstract="false"
 native="false"
 synchronized="false"
 static="false"
 final="false"
 deprecated="not deprecated"
 visibility="public"
>
</method>
<method name="getCurrencyName"
 return="java.lang.String"
 abstract="false"
 native="false"
 synchronized="false"
 static="false"
 final="false"
 deprecated="not deprecated"
 visibility="public"
>
</method>
<method name="getDeltaOfCoins"
 return="double"
 abstract="false"
 native="false"
 synchronized="false"
 static="false"
 final="false"
 deprecated="not deprecated"
 visibility="public"
>
</method>
<method name="getLatestTransactionId"
 return="java.lang.String"
 abstract="false"
 native="false"
 synchronized="false"
 static="false"
 final="false"
 deprecated="not deprecated"
 visibility="public"
>
</method>
<method name="isDefault"
 return="boolean"
 abstract="false"
 native="false"
 synchronized="false"
 static="false"
 final="false"
 deprecated="not deprecated"
 visibility="public"
>
</method>
</class>
</package>
<package name="com.fyber.exceptions"
>
<class name="IdException"
 extends="java.lang.IllegalArgumentException"
 abstract="false"
 static="false"
 final="false"
 deprecated="not deprecated"
 visibility="public"
>
<constructor name="IdException"
 type="com.fyber.exceptions.IdException"
 static="false"
 final="false"
 deprecated="not deprecated"
 visibility="public"
>
<parameter name="message" type="java.lang.String">
</parameter>
</constructor>
</class>
<class name="ValidationException"
 extends="java.lang.Exception"
 abstract="false"
 static="false"
 final="false"
 deprecated="not deprecated"
 visibility="public"
>
<constructor name="ValidationException"
 type="com.fyber.exceptions.ValidationException"
 static="false"
 final="false"
 deprecated="not deprecated"
 visibility="public"
>
<parameter name="eventAttribute" type="java.lang.String">
</parameter>
<parameter name="detailedMessage" type="java.lang.String">
</parameter>
</constructor>
<method name="getEventAttribute"
 return="java.lang.String"
 abstract="false"
 native="false"
 synchronized="false"
 static="false"
 final="false"
 deprecated="not deprecated"
 visibility="public"
>
</method>
</class>
</package>
<package name="com.fyber.receivers"
>
<class name="InstallReferrerReceiver"
 extends="android.content.BroadcastReceiver"
 abstract="false"
 static="false"
 final="false"
 deprecated="not deprecated"
 visibility="public"
>
<constructor name="InstallReferrerReceiver"
 type="com.fyber.receivers.InstallReferrerReceiver"
 static="false"
 final="false"
 deprecated="not deprecated"
 visibility="public"
>
</constructor>
</class>
</package>
<package name="com.fyber.reporters"
>
<class name="AdvertiserReporter"
 extends="com.fyber.reporters.Reporter"
 abstract="true"
 static="false"
 final="false"
 deprecated="not deprecated"
 visibility="public"
>
</class>
<class name="InstallReporter"
 extends="com.fyber.reporters.AdvertiserReporter"
 abstract="false"
 static="false"
 final="false"
 deprecated="not deprecated"
 visibility="public"
>
<method name="create"
 return="com.fyber.reporters.InstallReporter"
 abstract="false"
 native="false"
 synchronized="false"
 static="true"
 final="false"
 deprecated="not deprecated"
 visibility="public"
>
<parameter name="appId" type="java.lang.String">
</parameter>
</method>
</class>
<class name="Reporter"
 extends="java.lang.Object"
 abstract="true"
 static="false"
 final="false"
 deprecated="not deprecated"
 visibility="public"
>
<method name="addParameter"
 return="com.fyber.reporters.Reporter"
 abstract="false"
 native="false"
 synchronized="false"
 static="false"
 final="false"
 deprecated="not deprecated"
 visibility="public"
>
<parameter name="key" type="java.lang.String">
</parameter>
<parameter name="value" type="java.lang.String">
</parameter>
</method>
<method name="addParameters"
 return="com.fyber.reporters.Reporter"
 abstract="false"
 native="false"
 synchronized="false"
 static="false"
 final="false"
 deprecated="not deprecated"
 visibility="public"
>
<parameter name="parameters" type="java.util.Map&lt;java.lang.String, java.lang.String&gt;">
</parameter>
</method>
<method name="report"
 return="boolean"
 abstract="false"
 native="false"
 synchronized="false"
 static="false"
 final="false"
 deprecated="not deprecated"
 visibility="public"
>
<parameter name="context" type="android.content.Context">
</parameter>
</method>
</class>
<class name="RewardedActionReporter"
 extends="com.fyber.reporters.AdvertiserReporter"
 abstract="false"
 static="false"
 final="false"
 deprecated="not deprecated"
 visibility="public"
>
<method name="create"
 return="com.fyber.reporters.RewardedActionReporter"
 abstract="false"
 native="false"
 synchronized="false"
 static="true"
 final="false"
 deprecated="not deprecated"
 visibility="public"
>
<parameter name="appId" type="java.lang.String">
</parameter>
<parameter name="actionId" type="java.lang.String">
</parameter>
<exception name="IdException" type="com.fyber.exceptions.IdException">
</exception>
</method>
</class>
</package>
<package name="com.fyber.requesters"
>
<interface name="AdRequestCallback"
 abstract="true"
 static="false"
 final="false"
 deprecated="not deprecated"
 visibility="public"
>
<implements name="com.fyber.requesters.Callback">
</implements>
<method name="onAdAvailable"
 return="void"
 abstract="true"
 native="false"
 synchronized="false"
 static="false"
 final="false"
 deprecated="not deprecated"
 visibility="public"
>
<parameter name="ad" type="com.fyber.ads.Ad">
</parameter>
</method>
<method name="onAdNotAvailable"
 return="void"
 abstract="true"
 native="false"
 synchronized="false"
 static="false"
 final="false"
 deprecated="not deprecated"
 visibility="public"
>
<parameter name="adFormat" type="com.fyber.ads.AdFormat">
</parameter>
</method>
</interface>
<class name="BannerRequester"
 extends="com.fyber.requesters.Requester"
 abstract="false"
 static="false"
 final="false"
 deprecated="not deprecated"
 visibility="public"
>
<method name="create"
 return="com.fyber.requesters.BannerRequester"
 abstract="false"
 native="false"
 synchronized="false"
 static="true"
 final="false"
 deprecated="not deprecated"
 visibility="public"
>
<parameter name="callback" type="com.fyber.requesters.AdRequestCallback">
</parameter>
</method>
<method name="from"
 return="com.fyber.requesters.BannerRequester"
 abstract="false"
 native="false"
 synchronized="false"
 static="true"
 final="false"
 deprecated="not deprecated"
 visibility="public"
>
<parameter name="requester" type="com.fyber.requesters.Requester">
</parameter>
</method>
<method name="request"
 return="void"
 abstract="false"
 native="false"
 synchronized="false"
 static="false"
 final="false"
 deprecated="not deprecated"
 visibility="public"
>
<parameter name="context" type="android.content.Context">
</parameter>
</method>
<method name="withNetworkSize"
 return="com.fyber.requesters.BannerRequester"
 abstract="false"
 native="false"
 synchronized="false"
 static="false"
 final="false"
 deprecated="not deprecated"
 visibility="public"
>
<parameter name="networkBannerSize" type="com.fyber.ads.banners.NetworkBannerSize">
</parameter>
</method>
</class>
<interface name="Callback"
 abstract="true"
 static="false"
 final="false"
 deprecated="not deprecated"
 visibility="public"
>
<method name="onRequestError"
 return="void"
 abstract="true"
 native="false"
 synchronized="false"
 static="false"
 final="false"
 deprecated="not deprecated"
 visibility="public"
>
<parameter name="error" type="com.fyber.requesters.RequestError">
</parameter>
</method>
</interface>
<class name="InterstitialRequester"
 extends="com.fyber.requesters.Requester"
 abstract="false"
 static="false"
 final="false"
 deprecated="not deprecated"
 visibility="public"
>
<method name="create"
 return="com.fyber.requesters.InterstitialRequester"
 abstract="false"
 native="false"
 synchronized="false"
 static="true"
 final="false"
 deprecated="not deprecated"
 visibility="public"
>
<parameter name="callback" type="com.fyber.requesters.RequestCallback">
</parameter>
</method>
<method name="from"
 return="com.fyber.requesters.InterstitialRequester"
 abstract="false"
 native="false"
 synchronized="false"
 static="true"
 final="false"
 deprecated="not deprecated"
 visibility="public"
>
<parameter name="requester" type="com.fyber.requesters.Requester">
</parameter>
</method>
<method name="request"
 return="void"
 abstract="false"
 native="false"
 synchronized="false"
 static="false"
 final="false"
 deprecated="not deprecated"
 visibility="public"
>
<parameter name="context" type="android.content.Context">
</parameter>
</method>
</class>
<class name="OfferWallRequester"
 extends="com.fyber.requesters.Requester"
 abstract="false"
 static="false"
 final="false"
 deprecated="not deprecated"
 visibility="public"
>
<method name="closeOnRedirect"
 return="com.fyber.requesters.OfferWallRequester"
 abstract="false"
 native="false"
 synchronized="false"
 static="false"
 final="false"
 deprecated="not deprecated"
 visibility="public"
>
<parameter name="shouldCloseOnRedirect" type="boolean">
</parameter>
</method>
<method name="create"
 return="com.fyber.requesters.OfferWallRequester"
 abstract="false"
 native="false"
 synchronized="false"
 static="true"
 final="false"
 deprecated="not deprecated"
 visibility="public"
>
<parameter name="callback" type="com.fyber.requesters.RequestCallback">
</parameter>
</method>
<method name="from"
 return="com.fyber.requesters.OfferWallRequester"
 abstract="false"
 native="false"
 synchronized="false"
 static="true"
 final="false"
 deprecated="not deprecated"
 visibility="public"
>
<parameter name="requester" type="com.fyber.requesters.Requester">
</parameter>
</method>
<method name="request"
 return="void"
 abstract="false"
 native="false"
 synchronized="false"
 static="false"
 final="false"
 deprecated="not deprecated"
 visibility="public"
>
<parameter name="context" type="android.content.Context">
</parameter>
</method>
</class>
<interface name="RequestCallback"
 abstract="true"
 static="false"
 final="false"
 deprecated="not deprecated"
 visibility="public"
>
<implements name="com.fyber.requesters.Callback">
</implements>
<method name="onAdAvailable"
 return="void"
 abstract="true"
 native="false"
 synchronized="false"
 static="false"
 final="false"
 deprecated="not deprecated"
 visibility="public"
>
<parameter name="intent" type="android.content.Intent">
</parameter>
</method>
<method name="onAdNotAvailable"
 return="void"
 abstract="true"
 native="false"
 synchronized="false"
 static="false"
 final="false"
 deprecated="not deprecated"
 visibility="public"
>
<parameter name="adFormat" type="com.fyber.ads.AdFormat">
</parameter>
</method>
</interface>
<class name="RequestError"
 extends="java.lang.Enum"
 abstract="false"
 static="false"
 final="true"
 deprecated="not deprecated"
 visibility="public"
>
<method name="getDescription"
 return="java.lang.String"
 abstract="false"
 native="false"
 synchronized="false"
 static="false"
 final="false"
 deprecated="not deprecated"
 visibility="public"
>
</method>
<method name="valueOf"
 return="com.fyber.requesters.RequestError"
 abstract="false"
 native="false"
 synchronized="false"
 static="true"
 final="false"
 deprecated="not deprecated"
 visibility="public"
>
<parameter name="name" type="java.lang.String">
</parameter>
</method>
<method name="values"
 return="com.fyber.requesters.RequestError[]"
 abstract="false"
 native="false"
 synchronized="false"
 static="true"
 final="true"
 deprecated="not deprecated"
 visibility="public"
>
</method>
</class>
<class name="Requester"
 extends="java.lang.Object"
 abstract="true"
 static="false"
 final="false"
 deprecated="not deprecated"
 visibility="public"
>
<method name="addParameter"
 return="T"
 abstract="false"
 native="false"
 synchronized="false"
 static="false"
 final="false"
 deprecated="not deprecated"
 visibility="public"
>
<parameter name="key" type="java.lang.String">
</parameter>
<parameter name="value" type="java.lang.String">
</parameter>
</method>
<method name="addParameters"
 return="T"
 abstract="false"
 native="false"
 synchronized="false"
 static="false"
 final="false"
 deprecated="not deprecated"
 visibility="public"
>
<parameter name="parameters" type="java.util.Map&lt;java.lang.String, java.lang.String&gt;">
</parameter>
</method>
<method name="clearParameters"
 return="T"
 abstract="false"
 native="false"
 synchronized="false"
 static="false"
 final="false"
 deprecated="not deprecated"
 visibility="public"
>
</method>
<method name="invokeCallbackOnHandler"
 return="T"
 abstract="false"
 native="false"
 synchronized="false"
 static="false"
 final="false"
 deprecated="not deprecated"
 visibility="public"
>
<parameter name="handler" type="android.os.Handler">
</parameter>
</method>
<method name="removeParameter"
 return="T"
 abstract="false"
 native="false"
 synchronized="false"
 static="false"
 final="false"
 deprecated="not deprecated"
 visibility="public"
>
<parameter name="key" type="java.lang.String">
</parameter>
</method>
<method name="request"
 return="void"
 abstract="true"
 native="false"
 synchronized="false"
 static="false"
 final="false"
 deprecated="not deprecated"
 visibility="public"
>
<parameter name="context" type="android.content.Context">
</parameter>
</method>
<method name="withCallback"
 return="T"
 abstract="false"
 native="false"
 synchronized="false"
 static="false"
 final="false"
 deprecated="not deprecated"
 visibility="public"
>
<parameter name="requestCallback" type="com.fyber.requesters.Callback">
</parameter>
</method>
<method name="withPlacementId"
 return="T"
 abstract="false"
 native="false"
 synchronized="false"
 static="false"
 final="false"
 deprecated="not deprecated"
 visibility="public"
>
<parameter name="placementId" type="java.lang.String">
</parameter>
</method>
</class>
<class name="RewardedVideoRequester"
 extends="com.fyber.requesters.Requester"
 abstract="false"
 static="false"
 final="false"
 deprecated="not deprecated"
 visibility="public"
>
<method name="create"
 return="com.fyber.requesters.RewardedVideoRequester"
 abstract="false"
 native="false"
 synchronized="false"
 static="true"
 final="false"
 deprecated="not deprecated"
 visibility="public"
>
<parameter name="callback" type="com.fyber.requesters.RequestCallback">
</parameter>
</method>
<method name="from"
 return="com.fyber.requesters.RewardedVideoRequester"
 abstract="false"
 native="false"
 synchronized="false"
 static="true"
 final="false"
 deprecated="not deprecated"
 visibility="public"
>
<parameter name="requester" type="com.fyber.requesters.Requester">
</parameter>
</method>
<method name="notifyUserOnCompletion"
 return="com.fyber.requesters.RewardedVideoRequester"
 abstract="false"
 native="false"
 synchronized="false"
 static="false"
 final="false"
 deprecated="not deprecated"
 visibility="public"
>
<parameter name="notifyUserOnCompletion" type="boolean">
</parameter>
</method>
<method name="request"
 return="void"
 abstract="false"
 native="false"
 synchronized="false"
 static="false"
 final="false"
 deprecated="not deprecated"
 visibility="public"
>
<parameter name="context" type="android.content.Context">
</parameter>
</method>
<method name="withVirtualCurrencyRequester"
 return="com.fyber.requesters.RewardedVideoRequester"
 abstract="false"
 native="false"
 synchronized="false"
 static="false"
 final="false"
 deprecated="not deprecated"
 visibility="public"
>
<parameter name="virtualCurrencyRequester" type="com.fyber.requesters.VirtualCurrencyRequester">
</parameter>
</method>
</class>
<interface name="VirtualCurrencyCallback"
 abstract="true"
 static="false"
 final="false"
 deprecated="not deprecated"
 visibility="public"
>
<implements name="com.fyber.requesters.Callback">
</implements>
<method name="onError"
 return="void"
 abstract="true"
 native="false"
 synchronized="false"
 static="false"
 final="false"
 deprecated="not deprecated"
 visibility="public"
>
<parameter name="response" type="com.fyber.currency.VirtualCurrencyErrorResponse">
</parameter>
</method>
<method name="onSuccess"
 return="void"
 abstract="true"
 native="false"
 synchronized="false"
 static="false"
 final="false"
 deprecated="not deprecated"
 visibility="public"
>
<parameter name="response" type="com.fyber.currency.VirtualCurrencyResponse">
</parameter>
</method>
</interface>
<class name="VirtualCurrencyRequester"
 extends="com.fyber.requesters.Requester"
 abstract="false"
 static="false"
 final="false"
 deprecated="not deprecated"
 visibility="public"
>
<method name="create"
 return="com.fyber.requesters.VirtualCurrencyRequester"
 abstract="false"
 native="false"
 synchronized="false"
 static="true"
 final="false"
 deprecated="not deprecated"
 visibility="public"
>
<parameter name="callback" type="com.fyber.requesters.VirtualCurrencyCallback">
</parameter>
</method>
<method name="forCurrencyId"
 return="com.fyber.requesters.VirtualCurrencyRequester"
 abstract="false"
 native="false"
 synchronized="false"
 static="false"
 final="false"
 deprecated="not deprecated"
 visibility="public"
>
<parameter name="currencyId" type="java.lang.String">
</parameter>
</method>
<method name="from"
 return="com.fyber.requesters.VirtualCurrencyRequester"
 abstract="false"
 native="false"
 synchronized="false"
 static="true"
 final="false"
 deprecated="not deprecated"
 visibility="public"
>
<parameter name="requester" type="com.fyber.requesters.Requester">
</parameter>
</method>
<method name="notifyUserOnReward"
 return="com.fyber.requesters.VirtualCurrencyRequester"
 abstract="false"
 native="false"
 synchronized="false"
 static="false"
 final="false"
 deprecated="not deprecated"
 visibility="public"
>
<parameter name="notifyUserOnReward" type="boolean">
</parameter>
</method>
<method name="request"
 return="void"
 abstract="false"
 native="false"
 synchronized="false"
 static="false"
 final="false"
 deprecated="not deprecated"
 visibility="public"
>
<parameter name="context" type="android.content.Context">
</parameter>
</method>
<method name="withTransactionId"
 return="com.fyber.requesters.VirtualCurrencyRequester"
 abstract="false"
 native="false"
 synchronized="false"
 static="false"
 final="false"
 deprecated="not deprecated"
 visibility="public"
>
<parameter name="transactionId" type="java.lang.String">
</parameter>
</method>
<method name="withVirtualCurrencyCallback"
 return="com.fyber.requesters.VirtualCurrencyRequester"
 abstract="false"
 native="false"
 synchronized="false"
 static="false"
 final="false"
 deprecated="not deprecated"
 visibility="public"
>
<parameter name="virtualCurrencyCallback" type="com.fyber.requesters.VirtualCurrencyCallback">
</parameter>
</method>
</class>
</package>
<package name="com.fyber.user"
>
<class name="User"
 extends="java.util.HashMap"
 abstract="false"
 static="false"
 final="true"
 deprecated="not deprecated"
 visibility="public"
>
<method name="addCustomValue"
 return="void"
 abstract="false"
 native="false"
 synchronized="false"
 static="true"
 final="false"
 deprecated="not deprecated"
 visibility="public"
>
<parameter name="key" type="java.lang.String">
</parameter>
<parameter name="value" type="java.lang.Object">
</parameter>
</method>
<method name="getAge"
 return="java.lang.Integer"
 abstract="false"
 native="false"
 synchronized="false"
 static="true"
 final="false"
 deprecated="not deprecated"
 visibility="public"
>
</method>
<method name="getAnnualHouseholdIncome"
 return="java.lang.Integer"
 abstract="false"
 native="false"
 synchronized="false"
 static="true"
 final="false"
 deprecated="not deprecated"
 visibility="public"
>
</method>
<method name="getAppVersion"
 return="java.lang.String"
 abstract="false"
 native="false"
 synchronized="false"
 static="true"
 final="false"
 deprecated="not deprecated"
 visibility="public"
>
</method>
<method name="getBirthdate"
 return="java.util.Date"
 abstract="false"
 native="false"
 synchronized="false"
 static="true"
 final="false"
 deprecated="not deprecated"
 visibility="public"
>
</method>
<method name="getConnection"
 return="com.fyber.user.UserConnection"
 abstract="false"
 native="false"
 synchronized="false"
 static="true"
 final="false"
 deprecated="not deprecated"
 visibility="public"
>
</method>
<method name="getCustomValue"
 return="java.lang.Object"
 abstract="false"
 native="false"
 synchronized="false"
 static="true"
 final="false"
 deprecated="not deprecated"
 visibility="public"
>
<parameter name="key" type="java.lang.String">
</parameter>
</method>
<method name="getDevice"
 return="java.lang.String"
 abstract="false"
 native="false"
 synchronized="false"
 static="true"
 final="false"
 deprecated="not deprecated"
 visibility="public"
>
</method>
<method name="getEducation"
 return="com.fyber.user.UserEducation"
 abstract="false"
 native="false"
 synchronized="false"
 static="true"
 final="false"
 deprecated="not deprecated"
 visibility="public"
>
</method>
<method name="getEthnicity"
 return="com.fyber.user.UserEthnicity"
 abstract="false"
 native="false"
 synchronized="false"
 static="true"
 final="false"
 deprecated="not deprecated"
 visibility="public"
>
</method>
<method name="getGender"
 return="com.fyber.user.UserGender"
 abstract="false"
 native="false"
 synchronized="false"
 static="true"
 final="false"
 deprecated="not deprecated"
 visibility="public"
>
</method>
<method name="getIap"
 return="java.lang.Boolean"
 abstract="false"
 native="false"
 synchronized="false"
 static="true"
 final="false"
 deprecated="not deprecated"
 visibility="public"
>
</method>
<method name="getIapAmount"
 return="java.lang.Float"
 abstract="false"
 native="false"
 synchronized="false"
 static="true"
 final="false"
 deprecated="not deprecated"
 visibility="public"
>
</method>
<method name="getInterests"
 return="java.lang.String[]"
 abstract="false"
 native="false"
 synchronized="false"
 static="true"
 final="false"
 deprecated="not deprecated"
 visibility="public"
>
</method>
<method name="getLastSession"
 return="java.lang.Long"
 abstract="false"
 native="false"
 synchronized="false"
 static="true"
 final="false"
 deprecated="not deprecated"
 visibility="public"
>
</method>
<method name="getLocation"
 return="android.location.Location"
 abstract="false"
 native="false"
 synchronized="false"
 static="true"
 final="false"
 deprecated="not deprecated"
 visibility="public"
>
</method>
<method name="getMaritalStatus"
 return="com.fyber.user.UserMaritalStatus"
 abstract="false"
 native="false"
 synchronized="false"
 static="true"
 final="false"
 deprecated="not deprecated"
 visibility="public"
>
</method>
<method name="getNumberOfChildrens"
 return="java.lang.Integer"
 abstract="false"
 native="false"
 synchronized="false"
 static="true"
 final="false"
 deprecated="not deprecated"
 visibility="public"
>
</method>
<method name="getNumberOfSessions"
 return="java.lang.Integer"
 abstract="false"
 native="false"
 synchronized="false"
 static="true"
 final="false"
 deprecated="not deprecated"
 visibility="public"
>
</method>
<method name="getPsTime"
 return="java.lang.Long"
 abstract="false"
 native="false"
 synchronized="false"
 static="true"
 final="false"
 deprecated="not deprecated"
 visibility="public"
>
</method>
<method name="getSexualOrientation"
 return="com.fyber.user.UserSexualOrientation"
 abstract="false"
 native="false"
 synchronized="false"
 static="true"
 final="false"
 deprecated="not deprecated"
 visibility="public"
>
</method>
<method name="getZipcode"
 return="java.lang.String"
 abstract="false"
 native="false"
 synchronized="false"
 static="true"
 final="false"
 deprecated="not deprecated"
 visibility="public"
>
</method>
<method name="setAge"
 return="void"
 abstract="false"
 native="false"
 synchronized="false"
 static="true"
 final="false"
 deprecated="not deprecated"
 visibility="public"
>
<parameter name="age" type="java.lang.Integer">
</parameter>
</method>
<method name="setAnnualHouseholdIncome"
 return="void"
 abstract="false"
 native="false"
 synchronized="false"
 static="true"
 final="false"
 deprecated="not deprecated"
 visibility="public"
>
<parameter name="annualHouseholdIncome" type="java.lang.Integer">
</parameter>
</method>
<method name="setAppVersion"
 return="void"
 abstract="false"
 native="false"
 synchronized="false"
 static="true"
 final="false"
 deprecated="not deprecated"
 visibility="public"
>
<parameter name="app_version" type="java.lang.String">
</parameter>
</method>
<method name="setBirthdate"
 return="void"
 abstract="false"
 native="false"
 synchronized="false"
 static="true"
 final="false"
 deprecated="not deprecated"
 visibility="public"
>
<parameter name="birthdate" type="java.util.Date">
</parameter>
</method>
<method name="setConnection"
 return="void"
 abstract="false"
 native="false"
 synchronized="false"
 static="true"
 final="false"
 deprecated="not deprecated"
 visibility="public"
>
<parameter name="connection" type="com.fyber.user.UserConnection">
</parameter>
</method>
<method name="setDevice"
 return="void"
 abstract="false"
 native="false"
 synchronized="false"
 static="true"
 final="false"
 deprecated="not deprecated"
 visibility="public"
>
<parameter name="device" type="java.lang.String">
</parameter>
</method>
<method name="setEducation"
 return="void"
 abstract="false"
 native="false"
 synchronized="false"
 static="true"
 final="false"
 deprecated="not deprecated"
 visibility="public"
>
<parameter name="education" type="com.fyber.user.UserEducation">
</parameter>
</method>
<method name="setEthnicity"
 return="void"
 abstract="false"
 native="false"
 synchronized="false"
 static="true"
 final="false"
 deprecated="not deprecated"
 visibility="public"
>
<parameter name="ethnicity" type="com.fyber.user.UserEthnicity">
</parameter>
</method>
<method name="setGender"
 return="void"
 abstract="false"
 native="false"
 synchronized="false"
 static="true"
 final="false"
 deprecated="not deprecated"
 visibility="public"
>
<parameter name="gender" type="com.fyber.user.UserGender">
</parameter>
</method>
<method name="setIap"
 return="void"
 abstract="false"
 native="false"
 synchronized="false"
 static="true"
 final="false"
 deprecated="not deprecated"
 visibility="public"
>
<parameter name="iap" type="java.lang.Boolean">
</parameter>
</method>
<method name="setIapAmount"
 return="void"
 abstract="false"
 native="false"
 synchronized="false"
 static="true"
 final="false"
 deprecated="not deprecated"
 visibility="public"
>
<parameter name="iap_amount" type="java.lang.Float">
</parameter>
</method>
<method name="setInterests"
 return="void"
 abstract="false"
 native="false"
 synchronized="false"
 static="true"
 final="false"
 deprecated="not deprecated"
 visibility="public"
>
<parameter name="interests" type="java.lang.String[]">
</parameter>
</method>
<method name="setLastSession"
 return="void"
 abstract="false"
 native="false"
 synchronized="false"
 static="true"
 final="false"
 deprecated="not deprecated"
 visibility="public"
>
<parameter name="last_session" type="java.lang.Long">
</parameter>
</method>
<method name="setLocation"
 return="void"
 abstract="false"
 native="false"
 synchronized="false"
 static="true"
 final="false"
 deprecated="not deprecated"
 visibility="public"
>
<parameter name="location" type="android.location.Location">
</parameter>
</method>
<method name="setMaritalStatus"
 return="void"
 abstract="false"
 native="false"
 synchronized="false"
 static="true"
 final="false"
 deprecated="not deprecated"
 visibility="public"
>
<parameter name="maritalStatus" type="com.fyber.user.UserMaritalStatus">
</parameter>
</method>
<method name="setNumberOfChildrens"
 return="void"
 abstract="false"
 native="false"
 synchronized="false"
 static="true"
 final="false"
 deprecated="not deprecated"
 visibility="public"
>
<parameter name="numberOfChildrens" type="java.lang.Integer">
</parameter>
</method>
<method name="setNumberOfSessions"
 return="void"
 abstract="false"
 native="false"
 synchronized="false"
 static="true"
 final="false"
 deprecated="not deprecated"
 visibility="public"
>
<parameter name="numberOfSessions" type="java.lang.Integer">
</parameter>
</method>
<method name="setPsTime"
 return="void"
 abstract="false"
 native="false"
 synchronized="false"
 static="true"
 final="false"
 deprecated="not deprecated"
 visibility="public"
>
<parameter name="ps_time" type="java.lang.Long">
</parameter>
</method>
<method name="setSexualOrientation"
 return="void"
 abstract="false"
 native="false"
 synchronized="false"
 static="true"
 final="false"
 deprecated="not deprecated"
 visibility="public"
>
<parameter name="sexualOrientation" type="com.fyber.user.UserSexualOrientation">
</parameter>
</method>
<method name="setZipcode"
 return="void"
 abstract="false"
 native="false"
 synchronized="false"
 static="true"
 final="false"
 deprecated="not deprecated"
 visibility="public"
>
<parameter name="zipcode" type="java.lang.String">
</parameter>
</method>
</class>
<class name="UserConnection"
 extends="java.lang.Enum"
 abstract="false"
 static="false"
 final="true"
 deprecated="not deprecated"
 visibility="public"
>
<method name="valueOf"
 return="com.fyber.user.UserConnection"
 abstract="false"
 native="false"
 synchronized="false"
 static="true"
 final="false"
 deprecated="not deprecated"
 visibility="public"
>
<parameter name="name" type="java.lang.String">
</parameter>
</method>
<method name="values"
 return="com.fyber.user.UserConnection[]"
 abstract="false"
 native="false"
 synchronized="false"
 static="true"
 final="true"
 deprecated="not deprecated"
 visibility="public"
>
</method>
<field name="connection"
 type="java.lang.String"
 transient="false"
 volatile="false"
 static="false"
 final="true"
 deprecated="not deprecated"
 visibility="public"
>
</field>
</class>
<class name="UserEducation"
 extends="java.lang.Enum"
 abstract="false"
 static="false"
 final="true"
 deprecated="not deprecated"
 visibility="public"
>
<method name="valueOf"
 return="com.fyber.user.UserEducation"
 abstract="false"
 native="false"
 synchronized="false"
 static="true"
 final="false"
 deprecated="not deprecated"
 visibility="public"
>
<parameter name="name" type="java.lang.String">
</parameter>
</method>
<method name="values"
 return="com.fyber.user.UserEducation[]"
 abstract="false"
 native="false"
 synchronized="false"
 static="true"
 final="true"
 deprecated="not deprecated"
 visibility="public"
>
</method>
<field name="education"
 type="java.lang.String"
 transient="false"
 volatile="false"
 static="false"
 final="true"
 deprecated="not deprecated"
 visibility="public"
>
</field>
</class>
<class name="UserEthnicity"
 extends="java.lang.Enum"
 abstract="false"
 static="false"
 final="true"
 deprecated="not deprecated"
 visibility="public"
>
<method name="valueOf"
 return="com.fyber.user.UserEthnicity"
 abstract="false"
 native="false"
 synchronized="false"
 static="true"
 final="false"
 deprecated="not deprecated"
 visibility="public"
>
<parameter name="name" type="java.lang.String">
</parameter>
</method>
<method name="values"
 return="com.fyber.user.UserEthnicity[]"
 abstract="false"
 native="false"
 synchronized="false"
 static="true"
 final="true"
 deprecated="not deprecated"
 visibility="public"
>
</method>
<field name="ethnicity"
 type="java.lang.String"
 transient="false"
 volatile="false"
 static="false"
 final="true"
 deprecated="not deprecated"
 visibility="public"
>
</field>
</class>
<class name="UserGender"
 extends="java.lang.Enum"
 abstract="false"
 static="false"
 final="true"
 deprecated="not deprecated"
 visibility="public"
>
<method name="valueOf"
 return="com.fyber.user.UserGender"
 abstract="false"
 native="false"
 synchronized="false"
 static="true"
 final="false"
 deprecated="not deprecated"
 visibility="public"
>
<parameter name="name" type="java.lang.String">
</parameter>
</method>
<method name="values"
 return="com.fyber.user.UserGender[]"
 abstract="false"
 native="false"
 synchronized="false"
 static="true"
 final="true"
 deprecated="not deprecated"
 visibility="public"
>
</method>
</class>
<class name="UserMaritalStatus"
 extends="java.lang.Enum"
 abstract="false"
 static="false"
 final="true"
 deprecated="not deprecated"
 visibility="public"
>
<method name="valueOf"
 return="com.fyber.user.UserMaritalStatus"
 abstract="false"
 native="false"
 synchronized="false"
 static="true"
 final="false"
 deprecated="not deprecated"
 visibility="public"
>
<parameter name="name" type="java.lang.String">
</parameter>
</method>
<method name="values"
 return="com.fyber.user.UserMaritalStatus[]"
 abstract="false"
 native="false"
 synchronized="false"
 static="true"
 final="true"
 deprecated="not deprecated"
 visibility="public"
>
</method>
</class>
<class name="UserSexualOrientation"
 extends="java.lang.Enum"
 abstract="false"
 static="false"
 final="true"
 deprecated="not deprecated"
 visibility="public"
>
<method name="valueOf"
 return="com.fyber.user.UserSexualOrientation"
 abstract="false"
 native="false"
 synchronized="false"
 static="true"
 final="false"
 deprecated="not deprecated"
 visibility="public"
>
<parameter name="name" type="java.lang.String">
</parameter>
</method>
<method name="values"
 return="com.fyber.user.UserSexualOrientation[]"
 abstract="false"
 native="false"
 synchronized="false"
 static="true"
 final="true"
 deprecated="not deprecated"
 visibility="public"
>
</method>
</class>
</package>
<package name="com.fyber.utils"
>
<class name="AdRequesterCallback"
 extends="java.lang.Object"
 abstract="true"
 static="false"
 final="false"
 deprecated="not deprecated"
 visibility="public"
>
<implements name="com.fyber.requesters.RequestCallback">
</implements>
<constructor name="AdRequesterCallback"
 type="com.fyber.utils.AdRequesterCallback"
 static="false"
 final="false"
 deprecated="not deprecated"
 visibility="public"
>
<parameter name="requester" type="com.fyber.requesters.Requester">
</parameter>
</constructor>
<method name="onAdAvailable"
 return="void"
 abstract="false"
 native="false"
 synchronized="false"
 static="false"
 final="false"
 deprecated="not deprecated"
 visibility="public"
>
<parameter name="intent" type="android.content.Intent">
</parameter>
</method>
<method name="onAdNotAvailable"
 return="void"
 abstract="false"
 native="false"
 synchronized="false"
 static="false"
 final="false"
 deprecated="not deprecated"
 visibility="public"
>
<parameter name="adFormat" type="com.fyber.ads.AdFormat">
</parameter>
</method>
<method name="onRequestError"
 return="void"
 abstract="false"
 native="false"
 synchronized="false"
 static="false"
 final="false"
 deprecated="not deprecated"
 visibility="public"
>
<parameter name="error" type="com.fyber.requesters.RequestError">
</parameter>
</method>
</class>
<class name="AsyncCallable"
 extends="java.lang.Object"
 abstract="false"
 static="false"
 final="false"
 deprecated="not deprecated"
 visibility="public"
>
<constructor name="AsyncCallable"
 type="com.fyber.utils.AsyncCallable"
 static="false"
 final="false"
 deprecated="not deprecated"
 visibility="public"
>
</constructor>
<method name="call"
 return="V"
 abstract="false"
 native="false"
 synchronized="false"
 static="false"
 final="false"
 deprecated="not deprecated"
 visibility="public"
>
<exception name="Exception" type="java.lang.Exception">
</exception>
</method>
<method name="setException"
 return="void"
 abstract="false"
 native="false"
 synchronized="false"
 static="false"
 final="false"
 deprecated="not deprecated"
 visibility="public"
>
<parameter name="exception" type="T">
</parameter>
</method>
<method name="setResult"
 return="void"
 abstract="false"
 native="false"
 synchronized="false"
 static="false"
 final="false"
 deprecated="not deprecated"
 visibility="public"
>
<parameter name="object" type="V">
</parameter>
</method>
</class>
<class name="FyberLogger"
 extends="java.lang.Object"
 abstract="false"
 static="false"
 final="false"
 deprecated="not deprecated"
 visibility="public"
>
<method name="addLoggerListener"
 return="boolean"
 abstract="false"
 native="false"
 synchronized="false"
 static="true"
 final="false"
 deprecated="not deprecated"
 visibility="public"
>
<parameter name="newListener" type="com.fyber.utils.LoggerListener">
</parameter>
</method>
<method name="d"
 return="void"
 abstract="false"
 native="false"
 synchronized="false"
 static="true"
 final="false"
 deprecated="not deprecated"
 visibility="public"
>
<parameter name="tag" type="java.lang.String">
</parameter>
<parameter name="message" type="java.lang.String">
</parameter>
</method>
<method name="e"
 return="void"
 abstract="false"
 native="false"
 synchronized="false"
 static="true"
 final="false"
 deprecated="not deprecated"
 visibility="public"
>
<parameter name="tag" type="java.lang.String">
</parameter>
<parameter name="message" type="java.lang.String">
</parameter>
</method>
<method name="e"
 return="void"
 abstract="false"
 native="false"
 synchronized="false"
 static="true"
 final="false"
 deprecated="not deprecated"
 visibility="public"
>
<parameter name="tag" type="java.lang.String">
</parameter>
<parameter name="message" type="java.lang.String">
</parameter>
<parameter name="exception" type="java.lang.Exception">
</parameter>
</method>
<method name="enableLogging"
 return="boolean"
 abstract="false"
 native="false"
 synchronized="false"
 static="true"
 final="false"
 deprecated="not deprecated"
 visibility="public"
>
<parameter name="shouldLog" type="boolean">
</parameter>
</method>
<method name="i"
 return="void"
 abstract="false"
 native="false"
 synchronized="false"
 static="true"
 final="false"
 deprecated="not deprecated"
 visibility="public"
>
<parameter name="tag" type="java.lang.String">
</parameter>
<parameter name="message" type="java.lang.String">
</parameter>
</method>
<method name="isLogging"
 return="boolean"
 abstract="false"
 native="false"
 synchronized="false"
 static="true"
 final="false"
 deprecated="not deprecated"
 visibility="public"
>
</method>
<method name="log"
 return="void"
 abstract="false"
 native="false"
 synchronized="false"
 static="false"
 final="false"
 deprecated="not deprecated"
 visibility="public"
>
<parameter name="level" type="com.fyber.utils.FyberLogger.Level">
</parameter>
<parameter name="tag" type="java.lang.String">
</parameter>
<parameter name="message" type="java.lang.String">
</parameter>
<parameter name="exception" type="java.lang.Exception">
</parameter>
</method>
<method name="removeLoggerListener"
 return="boolean"
 abstract="false"
 native="false"
 synchronized="false"
 static="true"
 final="false"
 deprecated="not deprecated"
 visibility="public"
>
<parameter name="listener" type="com.fyber.utils.LoggerListener">
</parameter>
</method>
<method name="toggleLogging"
 return="boolean"
 abstract="false"
 native="false"
 synchronized="false"
 static="true"
 final="false"
 deprecated="not deprecated"
 visibility="public"
>
</method>
<method name="v"
 return="void"
 abstract="false"
 native="false"
 synchronized="false"
 static="true"
 final="false"
 deprecated="not deprecated"
 visibility="public"
>
<parameter name="tag" type="java.lang.String">
</parameter>
<parameter name="message" type="java.lang.String">
</parameter>
</method>
<method name="w"
 return="void"
 abstract="false"
 native="false"
 synchronized="false"
 static="true"
 final="false"
 deprecated="not deprecated"
 visibility="public"
>
<parameter name="tag" type="java.lang.String">
</parameter>
<parameter name="message" type="java.lang.String">
</parameter>
</method>
<method name="w"
 return="void"
 abstract="false"
 native="false"
 synchronized="false"
 static="true"
 final="false"
 deprecated="not deprecated"
 visibility="public"
>
<parameter name="tag" type="java.lang.String">
</parameter>
<parameter name="message" type="java.lang.String">
</parameter>
<parameter name="exception" type="java.lang.Exception">
</parameter>
</method>
</class>
<class name="FyberLogger.Level"
 extends="java.lang.Enum"
 abstract="false"
 static="true"
 final="true"
 deprecated="not deprecated"
 visibility="public"
>
<method name="valueOf"
 return="com.fyber.utils.FyberLogger.Level"
 abstract="false"
 native="false"
 synchronized="false"
 static="true"
 final="false"
 deprecated="not deprecated"
 visibility="public"
>
<parameter name="name" type="java.lang.String">
</parameter>
</method>
<method name="values"
 return="com.fyber.utils.FyberLogger.Level[]"
 abstract="false"
 native="false"
 synchronized="false"
 static="true"
 final="true"
 deprecated="not deprecated"
 visibility="public"
>
</method>
</class>
<interface name="LoggerListener"
 abstract="true"
 static="false"
 final="false"
 deprecated="not deprecated"
 visibility="public"
>
<method name="log"
 return="void"
 abstract="true"
 native="false"
 synchronized="false"
 static="false"
 final="false"
 deprecated="not deprecated"
 visibility="public"
>
<parameter name="level" type="com.fyber.utils.FyberLogger.Level">
</parameter>
<parameter name="tag" type="java.lang.String">
</parameter>
<parameter name="message" type="java.lang.String">
</parameter>
<parameter name="exception" type="java.lang.Exception">
</parameter>
</method>
</interface>
<class name="OSVersion"
 extends="java.lang.Object"
 abstract="false"
 static="false"
 final="false"
 deprecated="not deprecated"
 visibility="public"
>
<constructor name="OSVersion"
 type="com.fyber.utils.OSVersion"
 static="false"
 final="false"
 deprecated="not deprecated"
 visibility="public"
>
</constructor>
<method name="isAtLeastAPI"
 return="boolean"
 abstract="false"
 native="false"
 synchronized="false"
 static="true"
 final="false"
 deprecated="not deprecated"
 visibility="public"
>
<parameter name="apiLevel" type="int">
</parameter>
</method>
<method name="isGingerbreadMR1"
 return="boolean"
 abstract="false"
 native="false"
 synchronized="false"
 static="true"
 final="false"
 deprecated="not deprecated"
 visibility="public"
>
</method>
<method name="isHoneycomb"
 return="boolean"
 abstract="false"
 native="false"
 synchronized="false"
 static="true"
 final="false"
 deprecated="not deprecated"
 visibility="public"
>
</method>
<method name="isHoneycombMR2"
 return="boolean"
 abstract="false"
 native="false"
 synchronized="false"
 static="true"
 final="false"
 deprecated="not deprecated"
 visibility="public"
>
</method>
<method name="isIcecreamSandwich"
 return="boolean"
 abstract="false"
 native="false"
 synchronized="false"
 static="true"
 final="false"
 deprecated="not deprecated"
 visibility="public"
>
</method>
<method name="isJellyBean"
 return="boolean"
 abstract="false"
 native="false"
 synchronized="false"
 static="true"
 final="false"
 deprecated="not deprecated"
 visibility="public"
>
</method>
<method name="isJellyBeanMR1"
 return="boolean"
 abstract="false"
 native="false"
 synchronized="false"
 static="true"
 final="false"
 deprecated="not deprecated"
 visibility="public"
>
</method>
<method name="isJellyBeanMR2"
 return="boolean"
 abstract="false"
 native="false"
 synchronized="false"
 static="true"
 final="false"
 deprecated="not deprecated"
 visibility="public"
>
</method>
<method name="isKitkat"
 return="boolean"
 abstract="false"
 native="false"
 synchronized="false"
 static="true"
 final="false"
 deprecated="not deprecated"
 visibility="public"
>
</method>
<method name="isKitkatWatch"
 return="boolean"
 abstract="false"
 native="false"
 synchronized="false"
 static="true"
 final="false"
 deprecated="not deprecated"
 visibility="public"
>
</method>
<method name="isLollipop"
 return="boolean"
 abstract="false"
 native="false"
 synchronized="false"
 static="true"
 final="false"
 deprecated="not deprecated"
 visibility="public"
>
</method>
<method name="isLollipopMR1"
 return="boolean"
 abstract="false"
 native="false"
 synchronized="false"
 static="true"
 final="false"
 deprecated="not deprecated"
 visibility="public"
>
</method>
<method name="isLowerThanAPI"
 return="boolean"
 abstract="false"
 native="false"
 synchronized="false"
 static="true"
 final="false"
 deprecated="not deprecated"
 visibility="public"
>
<parameter name="apiLevel" type="int">
</parameter>
</method>
<method name="isMashmallow"
 return="boolean"
 abstract="false"
 native="false"
 synchronized="false"
 static="true"
 final="false"
 deprecated="not deprecated"
 visibility="public"
>
</method>
<field name="GINGERBREAD_MR1"
 type="int"
 transient="false"
 volatile="false"
 value="10"
 static="true"
 final="true"
 deprecated="not deprecated"
 visibility="public"
>
</field>
<field name="HONEYCOMB"
 type="int"
 transient="false"
 volatile="false"
 value="11"
 static="true"
 final="true"
 deprecated="not deprecated"
 visibility="public"
>
</field>
<field name="HONEYCOMB_MR2"
 type="int"
 transient="false"
 volatile="false"
 value="13"
 static="true"
 final="true"
 deprecated="not deprecated"
 visibility="public"
>
</field>
<field name="ICECREAM_SANDWICH"
 type="int"
 transient="false"
 volatile="false"
 value="14"
 static="true"
 final="true"
 deprecated="not deprecated"
 visibility="public"
>
</field>
<field name="JELLY_BEAN"
 type="int"
 transient="false"
 volatile="false"
 value="16"
 static="true"
 final="true"
 deprecated="not deprecated"
 visibility="public"
>
</field>
<field name="JELLY_BEAN_MR1"
 type="int"
 transient="false"
 volatile="false"
 value="17"
 static="true"
 final="true"
 deprecated="not deprecated"
 visibility="public"
>
</field>
<field name="JELLY_BEAN_MR2"
 type="int"
 transient="false"
 volatile="false"
 value="18"
 static="true"
 final="true"
 deprecated="not deprecated"
 visibility="public"
>
</field>
<field name="KITKAT"
 type="int"
 transient="false"
 volatile="false"
 value="19"
 static="true"
 final="true"
 deprecated="not deprecated"
 visibility="public"
>
</field>
<field name="KITKAT_WATCH"
 type="int"
 transient="false"
 volatile="false"
 value="20"
 static="true"
 final="true"
 deprecated="not deprecated"
 visibility="public"
>
</field>
<field name="LOLLIPOP"
 type="int"
 transient="false"
 volatile="false"
 value="21"
 static="true"
 final="true"
 deprecated="not deprecated"
 visibility="public"
>
</field>
<field name="LOLLIPOP_MR1"
 type="int"
 transient="false"
 volatile="false"
 value="22"
 static="true"
 final="true"
 deprecated="not deprecated"
 visibility="public"
>
</field>
<field name="MARSHMALLOW"
 type="int"
 transient="false"
 volatile="false"
 value="23"
 static="true"
 final="true"
 deprecated="not deprecated"
 visibility="public"
>
</field>
<field name="NOUGAT"
 type="int"
 transient="false"
 volatile="false"
 value="24"
 static="true"
 final="true"
 deprecated="not deprecated"
 visibility="public"
>
</field>
</class>
<class name="StringUtils"
 extends="java.lang.Object"
 abstract="false"
 static="false"
 final="false"
 deprecated="not deprecated"
 visibility="public"
>
<constructor name="StringUtils"
 type="com.fyber.utils.StringUtils"
 static="false"
 final="false"
 deprecated="not deprecated"
 visibility="public"
>
</constructor>
<method name="notNullNorEmpty"
 return="boolean"
 abstract="false"
 native="false"
 synchronized="false"
 static="true"
 final="true"
 deprecated="not deprecated"
 visibility="public"
>
<parameter name="string" type="java.lang.String">
</parameter>
</method>
<method name="nullOrEmpty"
 return="boolean"
 abstract="false"
 native="false"
 synchronized="false"
 static="true"
 final="true"
 deprecated="not deprecated"
 visibility="public"
>
<parameter name="string" type="java.lang.String">
</parameter>
</method>
<method name="nullToEmpty"
 return="java.lang.String"
 abstract="false"
 native="false"
 synchronized="false"
 static="true"
 final="true"
 deprecated="not deprecated"
 visibility="public"
>
<parameter name="string" type="java.lang.String">
</parameter>
</method>
<method name="trim"
 return="java.lang.String"
 abstract="false"
 native="false"
 synchronized="false"
 static="true"
 final="false"
 deprecated="not deprecated"
 visibility="public"
>
<parameter name="value" type="java.lang.String">
</parameter>
</method>
<field name="EMPTY_STRING"
 type="java.lang.String"
 transient="false"
 volatile="false"
 value="&quot;&quot;"
 static="true"
 final="true"
 deprecated="not deprecated"
 visibility="public"
>
</field>
</class>
<class name="UIStringsHelper"
 extends="java.lang.Object"
 abstract="false"
 static="false"
 final="false"
 deprecated="not deprecated"
 visibility="public"
>
<constructor name="UIStringsHelper"
 type="com.fyber.utils.UIStringsHelper"
 static="false"
 final="false"
 deprecated="not deprecated"
 visibility="public"
>
</constructor>
<method name="getUIString"
 return="java.lang.String"
 abstract="false"
 native="false"
 synchronized="false"
 static="true"
 final="false"
 deprecated="not deprecated"
 visibility="public"
>
<parameter name="identifier" type="com.fyber.Fyber.Settings.UIStringIdentifier">
</parameter>
</method>
</class>
</package>
</api>
